area,perimeter,width,height,aspect_ratio,circularity,solidity,extent,equivalent_diameter,mean_R,mean_G,mean_B,label
315.3397,307.5737,3.075,136.7312,44.465,0.0419,0.6446,0.5973,20.0375,54.6645,56.3883,49.9464,fiber
256.336,250.184,3.0894,110.6306,35.8098,0.0515,0.7011,0.4553,18.0659,49.1498,52.7582,51.9187,fiber
309.1423,200.6855,4.7678,86.4529,18.1327,0.0965,0.6013,0.6112,19.8397,70.868,68.0049,66.5267,fiber
525.8798,393.5258,4.0098,174.8656,43.6097,0.0427,0.6193,0.6195,25.8761,48.6122,50.2394,49.6202,fiber
552.0415,286.5868,5.9193,124.3474,21.0069,0.0845,0.7104,0.6159,26.5119,57.3042,59.2497,56.9748,fiber
340.1381,324.9094,3.1375,144.5486,46.0717,0.0405,0.6579,0.466,20.8105,49.6993,48.645,50.0607,fiber
418.505,308.8286,4.0945,136.2821,33.2842,0.0551,0.6419,0.5034,23.0837,59.5987,57.2897,56.9785,fiber
313.3306,188.5928,5.1874,80.5366,15.5255,0.1107,0.6759,0.6479,19.9736,51.0221,50.3577,51.379,fiber
643.9243,366.2345,5.328,161.1422,30.2444,0.0603,0.6064,0.5131,28.6334,50.0134,49.5593,55.4147,fiber
488.5596,372.0379,3.944,165.1641,41.877,0.0444,0.6791,0.6329,24.941,64.334,62.7822,62.6362,fiber
361.8631,288.5353,3.7882,127.3642,33.6211,0.0546,0.7796,0.5299,21.4648,60.2921,66.5179,62.6138,fiber
167.0627,162.9111,3.1413,70.9091,22.5728,0.0791,0.7255,0.6084,14.5846,47.6668,44.7977,47.3424,fiber
617.69,405.0682,4.5873,179.5346,39.1369,0.0473,0.7722,0.4523,28.044,75.8981,75.586,74.4281,fiber
339.7493,213.2722,4.9229,92.019,18.6921,0.0939,0.687,0.5407,20.7986,51.9771,51.3534,46.4537,fiber
318.4225,271.9338,3.536,120.0703,33.957,0.0541,0.7741,0.5097,20.1352,73.4904,73.2506,69.6015,fiber
524.7403,343.4628,4.6181,151.5013,32.8057,0.0559,0.7061,0.4501,25.848,66.952,64.5146,71.7916,fiber
681.8465,376.0716,5.495,165.4466,30.1086,0.0606,0.6116,0.6256,29.4645,57.801,50.9107,54.1133,fiber
270.5823,161.8921,5.2818,68.3055,12.9322,0.1297,0.6257,0.5451,18.5611,68.3735,66.0955,70.9545,fiber
302.0374,251.7063,3.6354,110.7766,30.4717,0.0599,0.746,0.4902,19.6104,59.6726,65.1401,62.3779,fiber
384.3823,257.6744,4.5527,112.572,24.7263,0.0727,0.6449,0.5176,22.1226,49.3366,46.471,46.3919,fiber
251.4641,161.5075,4.8933,68.5192,14.0026,0.1211,0.7811,0.6219,17.8934,48.4351,49.7723,53.2201,fiber
218.3595,196.0318,3.3969,85.7084,25.2311,0.0714,0.7142,0.5445,16.674,75.3424,75.5254,70.5887,fiber
230.6444,167.0347,4.2932,71.6317,16.6851,0.1039,0.6934,0.5958,17.1367,59.0943,61.5807,54.4947,fiber
326.3984,247.1314,4.0179,108.3146,26.9579,0.0672,0.6497,0.488,20.3859,70.4391,70.2252,69.0785,fiber
389.3608,210.6425,5.7698,89.9768,15.5944,0.1103,0.7723,0.5601,22.2654,54.6986,62.2882,60.9821,fiber
764.053,400.529,5.7791,176.2796,30.5029,0.0599,0.6333,0.5471,31.1901,68.1709,69.6692,66.93,fiber
471.1589,245.1519,5.9559,105.4768,17.7095,0.0985,0.7568,0.541,24.4928,52.3402,56.6146,56.9195,fiber
489.8451,290.0643,5.1552,126.6922,24.5755,0.0732,0.6593,0.6437,24.9738,50.2773,49.9815,51.6277,fiber
238.3152,157.5472,4.7525,66.8598,14.0683,0.1207,0.7705,0.4815,17.4193,63.7717,56.7264,57.5721,fiber
495.2925,300.1457,5.0256,131.4042,26.1468,0.0691,0.624,0.6281,25.1123,50.0258,52.8123,53.0112,fiber
393.0528,253.1276,4.751,110.307,23.2176,0.0771,0.7869,0.4909,22.3707,62.413,58.593,59.8498,fiber
411.2623,317.9062,3.9,140.6028,36.0521,0.0511,0.7504,0.4645,22.8831,54.1516,58.473,58.4541,fiber
187.7725,159.3476,3.6395,68.7913,18.9015,0.0929,0.7867,0.6262,15.4622,55.9902,51.9122,50.218,fiber
613.4637,363.352,5.1106,160.0494,31.317,0.0584,0.7974,0.5808,27.9479,59.4129,65.8872,61.7454,fiber
609.0469,319.9316,5.8168,139.6066,24.0006,0.0748,0.6231,0.4714,27.8471,49.4545,47.2075,49.8674,fiber
395.689,329.3934,3.6108,146.1135,40.4658,0.0458,0.6528,0.5477,22.4456,67.2698,66.796,60.7655,fiber
318.3599,252.2501,3.83,110.8291,28.9368,0.0629,0.7542,0.5774,20.1333,43.202,47.0362,45.5198,fiber
252.8975,251.5732,3.029,111.3224,36.7521,0.0502,0.7766,0.6308,17.9443,47.622,49.9341,47.9174,fiber
197.2864,178.5379,3.3823,77.7713,22.9934,0.0778,0.7798,0.6092,15.8491,57.1334,57.4391,51.9284,fiber
223.1757,205.1543,3.3084,89.9436,27.1866,0.0666,0.7768,0.5313,16.8569,69.3688,65.6399,71.8425,fiber
728.1203,373.2989,5.9286,163.7527,27.6207,0.0657,0.7763,0.455,30.4479,71.2157,67.9806,72.7697,fiber
655.4114,356.0929,5.5922,156.2682,27.944,0.065,0.6534,0.6075,28.8876,66.1872,72.2998,72.1912,fiber
354.3381,202.712,5.4498,86.692,15.9075,0.1084,0.661,0.6091,21.2405,56.6299,54.9984,56.3541,fiber
416.9266,230.9659,5.5931,99.3914,17.7705,0.0982,0.6558,0.5783,23.0401,73.2041,77.8559,74.2964,fiber
433.4151,387.3199,3.346,172.7085,51.616,0.0363,0.6357,0.6425,23.4913,72.2357,70.9792,73.5885,fiber
435.7562,333.0062,3.941,147.4254,37.4078,0.0494,0.7023,0.527,23.5547,63.799,61.224,64.8565,fiber
260.832,145.1553,5.7767,60.203,10.4216,0.1556,0.7439,0.5984,18.2237,62.5186,60.0673,57.7134,fiber
418.1406,316.1381,3.9906,139.7085,35.0094,0.0526,0.7696,0.594,23.0736,52.82,52.8917,53.6846,fiber
315.6839,246.785,3.887,108.288,27.8593,0.0651,0.6841,0.6381,20.0485,50.2372,52.0411,49.7428,fiber
334.7514,221.6672,4.6438,96.114,20.6972,0.0856,0.6574,0.536,20.6451,45.6521,46.2498,44.7321,fiber
308.7452,256.7406,3.6411,113.0592,31.0508,0.0589,0.7802,0.6092,19.8269,56.5531,55.8739,59.3192,fiber
408.4261,307.9086,4.0056,135.9529,33.941,0.0541,0.7502,0.5846,22.804,67.3498,67.1457,65.7481,fiber
296.661,206.3743,4.4254,89.3811,20.1973,0.0875,0.6146,0.5329,19.435,71.5303,68.0476,72.063,fiber
333.9872,270.7259,3.732,119.3253,31.9739,0.0573,0.6011,0.6002,20.6215,66.8421,61.5344,64.0829,fiber
357.3081,191.3567,5.8739,81.1064,13.8079,0.1226,0.61,0.4998,21.3293,63.3254,60.1904,62.9501,fiber
626.6751,321.3606,5.9637,140.1093,23.4938,0.0763,0.79,0.6283,28.2473,63.7648,64.6178,62.9018,fiber
556.0787,361.4862,4.6436,159.6683,34.3845,0.0535,0.7487,0.5449,26.6087,69.9898,69.8942,73.0175,fiber
519.9342,344.2154,4.5639,151.8976,33.2824,0.0551,0.6549,0.4655,25.7294,62.0883,61.9762,62.3601,fiber
319.7022,282.1135,3.4151,124.8183,36.5487,0.0505,0.7388,0.5913,20.1757,48.4517,51.1986,52.2787,fiber
298.4007,249.7295,3.6205,109.8929,30.3529,0.0601,0.781,0.5668,19.4919,59.1685,60.4582,59.7291,fiber
239.1044,239.0595,3.0177,105.6457,35.0088,0.0526,0.7507,0.6207,17.4481,59.1802,54.9049,57.5329,fiber
452.8479,286.7604,4.8098,125.5359,26.1002,0.0692,0.6439,0.5372,24.0122,47.8484,50.3052,53.0493,fiber
284.4637,246.4289,3.4951,108.518,31.0483,0.0589,0.6255,0.5745,19.0313,55.2374,58.1739,59.5368,fiber
233.7921,149.9971,4.9282,63.2522,12.8346,0.1306,0.6923,0.4601,17.2532,48.1038,46.7643,47.6858,fiber
469.6366,342.0669,4.1374,151.3476,36.5805,0.0504,0.7664,0.5005,24.4532,64.2155,63.7154,67.8756,fiber
546.7003,404.8854,4.0499,179.9889,44.443,0.0419,0.7562,0.5804,26.3833,66.5382,68.1012,62.0992,fiber
161.9127,144.986,3.4571,62.4456,18.0628,0.0968,0.7339,0.5628,14.3581,46.5303,50.3823,50.9218,fiber
289.7917,186.9042,4.8217,80.1347,16.6194,0.1042,0.6229,0.6139,19.2087,71.1555,64.3026,63.6432,fiber
367.7223,225.4272,5.032,97.4349,19.3629,0.0909,0.6793,0.593,21.6379,70.3532,75.2701,74.7631,fiber
288.0518,170.6003,5.3174,72.2282,13.5833,0.1244,0.7201,0.4742,19.151,74.3796,72.7699,69.2864,fiber
343.5501,254.1376,4.1117,111.4054,27.0946,0.0668,0.6682,0.6199,20.9146,62.7575,57.0231,63.8651,fiber
560.6963,311.8639,5.4861,136.2702,24.8391,0.0724,0.6871,0.5968,26.7189,69.943,64.3799,68.6849,fiber
415.8343,283.8687,4.4505,124.5807,27.9926,0.0648,0.7462,0.5037,23.0099,60.8809,60.7131,54.7605,fiber
464.0113,372.9601,3.7316,165.7957,44.4303,0.0419,0.7221,0.5258,24.3063,55.1709,61.7489,56.396,fiber
345.6735,199.8653,5.3935,85.4544,15.844,0.1087,0.7761,0.5902,20.9792,53.4203,51.2914,58.7947,fiber
271.9705,165.9543,5.1602,70.2736,13.6183,0.1241,0.7516,0.5881,18.6087,60.8246,59.5839,62.0008,fiber
195.6074,164.6286,3.6648,71.1664,19.419,0.0907,0.6612,0.5663,15.7815,65.5397,66.001,65.1576,fiber
447.6816,337.7102,3.9924,149.5123,37.4495,0.0493,0.6542,0.5003,23.8748,63.0509,63.6263,63.0421,fiber
492.855,285.0985,5.2866,124.3037,23.5131,0.0762,0.6433,0.5468,25.0504,52.3512,54.3674,50.7516,fiber
232.6618,213.9751,3.3016,93.9598,28.4591,0.0639,0.6455,0.4859,17.2115,46.9367,51.0966,49.018,fiber
618.3295,399.466,4.6601,176.9154,37.964,0.0487,0.6253,0.6237,28.0585,65.8496,68.9043,66.515,fiber
377.0242,265.4279,4.3214,116.3276,26.9189,0.0672,0.6103,0.6382,21.9099,50.3527,53.1078,49.7366,fiber
252.5676,162.312,4.8883,68.8899,14.0927,0.1205,0.6298,0.5626,17.9326,45.039,50.5596,43.5559,fiber
548.3964,344.4148,4.819,151.7332,31.4868,0.0581,0.6451,0.5545,26.4242,68.3263,68.264,71.6036,fiber
525.1655,401.9838,3.9161,178.8038,45.6582,0.0408,0.7219,0.598,25.8585,67.2115,61.2931,61.319,fiber
362.524,313.9896,3.4712,139.2514,40.1165,0.0462,0.615,0.4505,21.4844,49.8184,50.9649,48.5445,fiber
337.1214,204.3756,5.1209,87.7771,17.1411,0.1014,0.6908,0.5875,20.718,69.4809,68.3923,67.0901,fiber
606.2426,319.3145,5.801,139.342,24.0203,0.0747,0.7089,0.5795,27.7829,61.0215,60.3672,54.3254,fiber
235.1075,184.4339,3.9228,79.9107,20.3707,0.0869,0.7138,0.5077,17.3017,64.4636,68.9782,69.0666,fiber
584.4678,390.7696,4.5014,173.1211,38.4593,0.0481,0.6161,0.458,27.2794,59.2701,58.3924,57.8168,fiber
313.2353,169.0589,5.8857,70.9592,12.0561,0.1377,0.715,0.6402,19.9706,74.0753,71.457,68.2348,fiber
256.1739,154.2125,5.2688,64.8278,12.3041,0.1354,0.7303,0.6332,18.0602,56.5669,59.7977,60.1933,fiber
292.1976,269.0178,3.2737,119.0071,36.3522,0.0507,0.6667,0.584,19.2883,58.3007,54.0773,56.9882,fiber
413.9738,220.9278,5.8356,94.5861,16.2085,0.1066,0.71,0.541,22.9584,67.9231,67.9932,73.1685,fiber
369.7542,248.6986,4.5438,108.501,23.879,0.0751,0.7315,0.5585,21.6976,73.9496,72.1442,73.5378,fiber
551.4031,342.4287,4.8762,150.7732,30.9201,0.0591,0.6407,0.5598,26.4966,71.2211,67.3046,69.3857,fiber
331.0645,177.0793,5.9194,74.5711,12.5977,0.1327,0.6479,0.4817,20.5311,63.6729,63.6842,60.0118,fiber
770.7375,406.5812,5.7388,179.0709,31.2036,0.0586,0.6235,0.6164,31.3262,58.8304,60.5763,58.9144,fiber
383.1357,216.2934,5.5042,92.811,16.8619,0.1029,0.6487,0.5603,22.0867,73.476,77.7823,74.4733,fiber
694.1973,376.4447,5.5921,165.5192,29.5988,0.0616,0.758,0.533,29.7301,56.7614,53.3493,55.8518,fiber
274.4712,215.24,3.8957,93.9407,24.1141,0.0744,0.7998,0.5479,18.6941,59.7969,62.9168,61.3691,fiber
438.3615,287.8928,4.6303,126.2301,27.2618,0.0665,0.6644,0.4877,23.625,60.2403,59.2347,56.5288,fiber
359.429,343.6318,3.1309,153.0653,48.888,0.0383,0.741,0.6123,21.3925,66.4298,68.6507,69.9071,fiber
597.8636,400.8052,4.486,177.6982,39.6118,0.0468,0.7005,0.568,27.5903,49.0682,49.1041,45.633,fiber
403.579,280.4668,4.3708,123.1141,28.1675,0.0645,0.682,0.581,22.6683,63.9082,66.4292,70.4269,fiber
383.2478,232.552,5.0781,100.6273,19.8159,0.0891,0.7704,0.6205,22.09,67.3698,63.5352,63.0284,fiber
578.9377,333.3535,5.2782,146.2461,27.7075,0.0655,0.6072,0.4637,27.1501,72.2208,74.5389,75.1509,fiber
482.7134,338.6105,4.3019,149.612,34.778,0.0529,0.7267,0.6245,24.7913,47.5027,49.5053,51.1807,fiber
264.7831,155.9962,5.3884,65.5189,12.1592,0.1367,0.675,0.4791,18.3612,54.0504,54.3285,56.1412,fiber
195.1806,183.9969,3.2369,80.398,24.8379,0.0724,0.7239,0.4982,15.7643,74.4278,68.2701,70.8144,fiber
255.5517,207.3352,3.766,90.4773,24.0249,0.0747,0.7609,0.6302,18.0383,46.7028,42.5457,44.8158,fiber
362.4469,233.7073,4.7627,101.4679,21.3046,0.0834,0.6849,0.5,21.4821,66.9306,61.7619,63.2457,fiber
328.4363,267.7325,3.7116,117.985,31.788,0.0576,0.715,0.6485,20.4494,60.5195,65.9812,63.4235,fiber
327.451,214.798,4.6978,92.9376,19.7833,0.0892,0.7489,0.4598,20.4187,66.4252,65.5478,68.8072,fiber
381.8484,219.4277,5.3966,94.3433,17.4821,0.0997,0.6705,0.5773,22.0496,64.1791,64.6341,64.9794,fiber
575.3609,318.157,5.515,139.1018,25.2224,0.0714,0.7807,0.5793,27.0661,62.3189,63.374,64.484,fiber
362.7279,332.5379,3.2704,147.8832,45.2187,0.0412,0.7495,0.4851,21.4905,50.9106,54.1686,57.6252,fiber
532.5811,284.774,5.7405,123.7023,21.5492,0.0825,0.6514,0.6149,26.0404,69.769,72.3661,71.8867,fiber
252.5337,228.7809,3.3455,100.6458,30.0839,0.0606,0.6282,0.6433,17.9314,76.7679,75.6805,77.7263,fiber
714.9106,399.2695,5.4138,176.0724,32.5231,0.0564,0.7581,0.4528,30.1704,56.2658,55.6115,57.3559,fiber
501.564,319.9561,4.7537,140.6809,29.5941,0.0616,0.7881,0.4717,25.2708,67.5431,65.8727,72.7464,fiber
548.874,292.8522,5.7458,127.3689,22.1674,0.0804,0.6126,0.6148,26.4357,54.9161,50.0585,50.9074,fiber
336.1968,181.7465,5.8388,76.7732,13.1488,0.1279,0.6985,0.4694,20.6896,57.229,51.2162,53.7601,fiber
550.8868,320.5131,5.2294,140.4583,26.8593,0.0674,0.6838,0.5985,26.4842,70.6154,72.6983,70.1714,fiber
376.1411,270.4812,4.2243,118.7216,28.1041,0.0646,0.6065,0.5241,21.8842,73.0927,77.1501,76.3892,fiber
272.7865,169.3551,5.057,71.9226,14.2223,0.1195,0.7956,0.5217,18.6366,60.5191,58.8524,58.3113,fiber
529.472,365.4819,4.3642,161.764,37.0665,0.0498,0.7283,0.5694,25.9643,61.0539,67.1774,62.8316,fiber
264.4128,175.5701,4.6937,75.1109,16.0024,0.1078,0.753,0.4914,18.3483,44.7859,50.0159,45.6868,fiber
332.2881,183.4978,5.7016,77.7065,13.6289,0.124,0.7717,0.4789,20.569,42.125,43.0903,42.481,fiber
321.5673,313.2894,3.0773,139.3269,45.2751,0.0412,0.758,0.4976,20.2344,44.036,42.8398,41.865,fiber
511.6413,337.8857,4.5783,149.0062,32.5465,0.0563,0.6952,0.6056,25.5234,67.4759,64.2424,67.4007,fiber
407.186,388.4759,3.1301,173.4499,55.4136,0.0339,0.7734,0.5543,22.7694,68.1612,72.209,64.9834,fiber
370.4826,267.7019,4.2049,117.4778,27.9386,0.065,0.6981,0.6319,21.719,62.1709,62.2292,66.4493,fiber
194.7386,157.7552,3.825,67.8819,17.7467,0.0983,0.7097,0.515,15.7464,67.9493,64.2368,63.622,fiber
328.0666,299.0873,3.2975,132.6512,40.2274,0.0461,0.7706,0.5802,20.4379,68.2051,67.8201,63.7736,fiber
315.6244,259.3186,3.6855,114.1866,30.9828,0.059,0.6907,0.5332,20.0466,51.9286,54.5821,56.4888,fiber
272.0934,238.4229,3.4579,104.9161,30.3408,0.0601,0.6134,0.6164,18.6129,69.4354,69.4621,74.5999,fiber
551.2318,356.5791,4.6691,157.4123,33.7135,0.0545,0.7123,0.5159,26.4925,59.5718,61.4227,63.9167,fiber
630.6245,342.4045,5.6043,150.0341,26.7714,0.0676,0.7937,0.5701,28.3361,65.445,67.2552,64.3337,fiber
382.3547,313.4584,3.6727,138.8084,37.7943,0.0489,0.7691,0.5235,22.0642,50.3474,48.8394,50.7043,fiber
717.1393,368.153,5.9236,161.4186,27.2499,0.0665,0.7227,0.5785,30.2174,65.7628,72.9855,72.1885,fiber
244.5951,210.3969,3.5412,92.0937,26.006,0.0694,0.6618,0.518,17.6473,62.1298,69.0399,66.6115,fiber
277.7174,245.3434,3.4256,108.0941,31.5546,0.058,0.6061,0.5992,18.8043,61.7162,63.3538,62.7223,fiber
404.4276,241.0565,5.1648,104.4064,20.215,0.0875,0.7135,0.467,22.6921,64.7259,65.5643,69.2478,fiber
403.2204,318.3236,3.8163,140.8762,36.9143,0.05,0.6971,0.5384,22.6582,63.0435,66.8977,61.7687,fiber
322.1933,253.9666,3.8497,111.5896,28.9863,0.0628,0.6973,0.5834,20.2541,61.7179,64.5167,66.1492,fiber
178.3927,142.6188,3.9043,60.9225,15.6041,0.1102,0.6274,0.5011,15.0711,49.962,47.3989,53.3131,fiber
251.8017,187.4928,4.1406,81.0834,19.5824,0.09,0.7001,0.6167,17.9054,68.5597,62.6867,69.0043,fiber
149.1658,149.8915,3.0562,65.0763,21.293,0.0834,0.7724,0.5652,13.7813,73.2221,74.3109,71.9764,fiber
169.561,169.1434,3.0626,73.8208,24.1042,0.0745,0.7603,0.5736,14.6933,57.3993,58.1012,51.4481,fiber
451.3373,363.1498,3.7299,161.3381,43.2548,0.043,0.7048,0.5292,23.9721,61.1483,61.3822,61.3307,fiber
272.4849,186.3562,4.5314,80.1759,17.6932,0.0986,0.702,0.6312,18.6263,47.2158,50.2398,50.9724,fiber
438.9496,355.3291,3.7088,157.8044,42.5486,0.0437,0.6395,0.5705,23.6408,51.475,50.6374,46.8105,fiber
513.4817,345.8931,4.4824,152.7418,34.0763,0.0539,0.752,0.5398,25.5692,71.0266,68.1493,68.7158,fiber
566.0243,309.1778,5.5927,134.9426,24.1282,0.0744,0.6302,0.4637,26.8456,63.3542,62.2391,62.0139,fiber
226.3515,156.7779,4.522,66.7407,14.7591,0.1157,0.6904,0.4614,16.9764,56.9658,50.9261,57.2262,fiber
590.9787,368.4565,4.845,162.6352,33.5675,0.0547,0.6925,0.5609,27.431,62.5466,63.379,59.8099,fiber
584.1728,356.6935,4.9555,157.1779,31.7178,0.0577,0.6951,0.4802,27.2725,51.1408,51.4738,57.8388,fiber
390.398,233.9821,5.1429,101.2125,19.6799,0.0896,0.6345,0.4995,22.2951,59.6385,59.6518,60.3185,fiber
244.1775,182.9698,4.1186,79.0495,19.1935,0.0917,0.6818,0.5177,17.6323,54.2699,55.8006,54.6653,fiber
133.4917,78.7772,15.3182,14.0487,1.5909,0.2703,0.9041,0.7247,13.0371,52.1913,54.1863,50.6558,fragment
327.7889,108.316,20.9964,18.4456,1.8442,0.3511,0.8026,0.6253,20.4292,59.092,59.2642,58.1197,fragment
652.461,157.4318,30.5792,27.3319,1.3811,0.3308,0.8115,0.6225,28.8225,58.2339,58.5053,64.3731,fragment
335.0965,111.748,23.7254,22.6181,1.091,0.3372,0.881,0.717,20.6557,50.3844,43.6169,46.0091,fragment
495.5538,143.7385,29.3262,27.8424,1.694,0.3014,0.8875,0.5831,25.1189,49.3688,49.1543,51.2783,fragment
224.6066,90.5268,18.7506,15.6507,1.4806,0.3444,0.8026,0.7117,16.9109,67.2082,70.137,66.3988,fragment
810.5341,163.7031,32.9426,26.8338,1.4747,0.3801,0.9143,0.7134,32.1248,55.8632,50.5603,51.4532,fragment
521.5137,135.2883,26.8236,25.5835,1.766,0.3581,0.7985,0.7026,25.7684,46.26,51.3201,45.2565,fragment
382.6065,108.6885,22.7495,18.3105,1.024,0.407,0.7591,0.6504,22.0715,56.4201,62.49,57.5331,fragment
156.1427,76.7705,14.5638,13.6523,1.1238,0.3329,0.7988,0.716,14.0999,66.0674,61.6092,66.1431,fragment
290.797,107.1273,22.972,21.8347,1.4939,0.3184,0.8736,0.6556,19.242,49.5672,50.9825,51.0869,fragment
141.7874,78.2912,14.955,10.9659,1.8146,0.2907,0.8514,0.5533,13.4361,58.8364,56.6489,55.862,fragment
343.2592,108.2365,22.5848,20.3107,1.0771,0.3682,0.9157,0.5635,20.9058,57.7055,57.5556,61.4037,fragment
395.1689,124.8159,25.083,24.9404,1.2283,0.3188,0.7528,0.7077,22.4309,62.8285,65.9337,65.0962,fragment
603.7226,143.207,29.43,25.4218,1.7322,0.3699,0.7798,0.7058,27.7251,46.0471,47.8932,47.384,fragment
514.1504,157.8291,30.23,23.8222,1.0394,0.2594,0.7839,0.5584,25.5859,62.1974,58.8535,62.6434,fragment
371.2397,129.3406,24.8606,20.0648,1.7028,0.2789,0.8972,0.6164,21.7411,47.7289,49.6773,53.849,fragment
607.3824,141.7131,28.8662,24.5034,1.4478,0.3801,0.9071,0.6539,27.809,76.6209,76.0284,70.8431,fragment
484.8052,131.193,26.0491,18.8601,1.5948,0.354,0.8021,0.6705,24.845,54.0453,56.1545,53.4487,fragment
159.5976,72.4843,14.8471,11.6159,1.882,0.3817,0.9111,0.565,14.255,76.0446,73.851,77.3533,fragment
563.6456,130.057,27.5882,25.7782,1.0313,0.4187,0.7614,0.7057,26.7891,62.1578,62.29,63.7651,fragment
467.2502,139.8816,26.1019,24.2467,1.5165,0.3001,0.84,0.6296,24.391,57.3569,54.1573,53.068,fragment
535.7446,140.9715,28.7135,22.3544,1.2343,0.3388,0.8259,0.7493,26.1176,60.1348,65.182,61.7798,fragment
195.0519,81.6325,16.4527,13.7139,1.079,0.3678,0.8659,0.7191,15.7591,70.5171,70.7398,68.4799,fragment
449.483,131.2004,24.8434,24.3018,1.5739,0.3281,0.8849,0.6518,23.9228,63.3252,63.9621,63.4653,fragment
493.3372,150.3255,29.8075,28.0518,1.4965,0.2743,0.854,0.5672,25.0627,54.5417,60.0641,57.8183,fragment
422.9557,128.9106,24.5139,24.3108,1.5781,0.3198,0.8265,0.686,23.2061,45.9686,50.2362,49.4546,fragment
421.0411,143.9746,26.7959,26.0781,1.0499,0.2552,0.7711,0.5806,23.1535,55.2958,56.5598,59.6532,fragment
323.0764,111.2119,20.9205,16.2172,1.5716,0.3283,0.8436,0.575,20.2819,68.8006,70.6458,70.3986,fragment
222.8338,82.0575,17.3727,15.9167,1.5446,0.4159,0.8932,0.6627,16.844,67.3639,60.989,61.1257,fragment
478.9215,137.3891,26.8291,22.1333,1.5751,0.3188,0.8347,0.6754,24.6938,66.3261,71.662,67.8723,fragment
622.1693,145.592,30.0938,21.6065,1.3956,0.3688,0.8323,0.5908,28.1455,48.0425,45.6899,48.9361,fragment
594.169,154.3285,28.684,23.2674,1.5055,0.3135,0.8042,0.6433,27.5049,47.0628,46.9063,45.6975,fragment
245.8477,100.8492,19.8042,19.004,1.1437,0.3038,0.8057,0.6655,17.6925,50.9498,54.5531,52.4342,fragment
383.4983,117.7514,24.2945,23.8953,1.4549,0.3476,0.9143,0.593,22.0972,44.5184,42.0996,45.6544,fragment
681.8864,157.4893,31.6468,30.1958,1.3878,0.3455,0.9,0.6955,29.4653,63.2116,60.0282,60.3054,fragment
380.1233,128.1099,25.4056,21.6272,1.688,0.2911,0.7976,0.7478,21.9997,48.6491,44.1564,51.0066,fragment
339.3531,106.574,21.8781,20.2698,1.1792,0.3755,0.8366,0.65,20.7865,69.5309,70.2647,71.8328,fragment
353.4551,119.37,23.4749,18.7421,1.5518,0.3117,0.7776,0.7481,21.214,62.3797,58.859,59.1562,fragment
613.3166,157.9332,30.5658,28.8763,1.3315,0.309,0.8645,0.746,27.9446,54.6633,56.3678,55.7963,fragment
427.9736,138.24,27.7609,25.9528,1.6985,0.2814,0.8482,0.6943,23.3434,74.6803,71.3762,75.0443,fragment
500.3796,124.5361,26.3947,18.7263,1.8534,0.4054,0.7687,0.5538,25.2409,63.9313,62.6333,66.9458,fragment
347.6858,118.5087,22.2075,20.4476,1.0561,0.3111,0.7735,0.5915,21.0401,69.7849,72.4823,71.3883,fragment
240.331,108.0599,20.2751,16.3475,1.6948,0.2586,0.8726,0.6787,17.4928,56.8163,56.1504,52.8079,fragment
237.0968,90.4852,18.9304,14.9415,1.2601,0.3639,0.7852,0.691,17.3747,72.7236,72.9777,77.6569,fragment
540.8935,140.4933,29.9081,24.3425,1.8821,0.3444,0.8891,0.7409,26.2428,67.7356,63.6223,63.5997,fragment
495.3675,140.1103,28.2828,23.8629,1.1819,0.3171,0.8416,0.7366,25.1142,54.2627,49.7915,53.6187,fragment
396.4247,132.1798,25.7366,22.9412,1.0472,0.2851,0.8203,0.6935,22.4665,57.7356,63.0974,56.9727,fragment
460.1469,123.1729,25.0071,24.0948,1.4297,0.3811,0.7839,0.7428,24.2049,71.6203,74.2181,76.3145,fragment
165.7408,79.3901,15.7892,15.4892,1.8219,0.3305,0.7798,0.7264,14.5268,64.0998,70.0506,70.6709,fragment
312.4388,117.3628,21.9399,21.4531,1.7891,0.285,0.7516,0.6636,19.9452,70.7223,77.7279,72.1404,fragment
751.6779,168.7454,33.782,32.2725,1.4212,0.3317,0.7828,0.5725,30.9365,70.4568,72.8281,71.2149,fragment
219.0569,92.7428,17.724,16.4334,1.1579,0.32,0.8955,0.7294,16.7007,64.6494,62.1557,58.7273,fragment
440.1847,129.0521,27.3851,21.2074,1.2347,0.3321,0.79,0.7008,23.674,58.3403,53.1236,56.4911,fragment
137.8194,73.3379,14.2287,10.4648,1.2761,0.322,0.8189,0.6505,13.2468,50.0247,48.4922,45.3516,fragment
195.9674,79.0609,16.3483,12.5185,1.1202,0.394,0.776,0.6995,15.796,64.2847,62.7655,63.8326,fragment
360.5324,120.1568,23.4166,18.13,1.6793,0.3138,0.8984,0.5664,21.4253,51.1263,53.1825,48.1772,fragment
359.4827,127.3807,25.2834,22.0423,1.1349,0.2784,0.8058,0.6541,21.3941,57.0945,57.8078,60.8298,fragment
163.1723,83.0007,15.8188,13.5089,1.4111,0.2976,0.7598,0.6425,14.4138,61.0583,60.3892,57.7706,fragment
643.1247,153.5454,30.3291,24.3651,1.0574,0.3428,0.919,0.7369,28.6156,42.9108,49.8289,42.6126,fragment
346.1503,115.603,22.1773,19.8213,1.3783,0.3255,0.9188,0.6265,20.9936,77.307,77.6041,73.3552,fragment
521.8523,139.1425,27.6546,22.2435,1.1606,0.3387,0.8413,0.6558,25.7768,66.4289,62.3875,60.6338,fragment
127.3841,74.2798,14.4547,12.425,1.741,0.2901,0.7921,0.6192,12.7354,59.5386,64.8326,63.1336,fragment
188.1445,80.2341,16.2569,15.69,1.0141,0.3673,0.785,0.5702,15.4775,64.2502,68.7639,69.6079,fragment
156.5204,73.6969,14.9735,11.4575,1.7774,0.3621,0.7596,0.6508,14.1169,50.3443,54.5565,53.8823,fragment
278.0552,104.7031,20.3781,16.1095,1.1289,0.3187,0.8622,0.5942,18.8157,53.024,51.1076,58.2081,fragment
730.9962,161.1559,31.5943,26.8136,1.8751,0.3537,0.9101,0.6843,30.5079,60.1025,56.3659,57.1466,fragment
180.3769,88.3786,16.9844,16.2167,1.2707,0.2902,0.8703,0.7112,15.1546,62.5235,59.7047,62.9479,fragment
364.727,120.5559,25.1457,22.4806,1.83,0.3154,0.894,0.5685,21.5496,52.8968,48.624,49.2478,fragment
506.1503,145.5789,27.4734,25.5093,1.6519,0.3001,0.845,0.6459,25.386,53.6007,49.3086,54.3011,fragment
150.9383,76.822,14.3067,14.3048,1.431,0.3214,0.7912,0.6709,13.8629,46.1556,51.8405,48.9361,fragment
545.2714,148.3458,29.5103,22.9728,1.4615,0.3114,0.8345,0.5697,26.3488,59.6283,55.5337,58.4956,fragment
650.6203,159.2099,32.2866,24.7439,1.1313,0.3226,0.7943,0.737,28.7819,62.5089,61.2164,59.095,fragment
265.5663,108.4796,20.5973,18.4631,1.6164,0.2836,0.7937,0.7143,18.3883,63.7111,61.1126,59.9038,fragment
213.7846,82.2289,17.3647,14.6991,1.8252,0.3973,0.8422,0.6784,16.4985,63.0793,62.88,69.383,fragment
740.1514,171.477,32.9038,31.3495,1.2083,0.3163,0.8702,0.5518,30.6984,57.4176,56.3574,58.3144,fragment
503.0976,136.3082,27.3351,19.1888,1.4965,0.3403,0.752,0.6559,25.3094,57.8336,63.4555,55.7728,fragment
627.1855,158.7282,30.2631,22.1558,1.0867,0.3128,0.7753,0.5884,28.2588,72.5048,74.8149,70.4318,fragment
300.6079,108.0404,21.9379,21.8736,1.2033,0.3236,0.8663,0.7196,19.5639,63.18,64.8158,64.0268,fragment
157.6255,80.0191,15.87,11.154,1.1542,0.3093,0.835,0.6368,14.1667,48.9585,47.2103,49.5471,fragment
165.9012,73.7148,15.9072,15.2779,1.7988,0.3837,0.8308,0.5593,14.5338,47.9373,54.7472,54.537,fragment
355.4227,135.019,25.2702,24.9781,1.5283,0.245,0.8779,0.6925,21.2729,53.6209,51.05,51.7341,fragment
253.6464,92.3793,18.8094,15.0385,1.68,0.3735,0.7738,0.7477,17.9709,73.6891,71.9021,75.6904,fragment
144.8362,79.4538,15.0739,14.0293,1.8594,0.2883,0.8174,0.7047,13.5798,51.4548,53.4044,59.1585,fragment
352.2081,127.464,23.8121,21.5239,1.5946,0.2724,0.7646,0.6737,21.1765,60.3399,59.6603,54.6117,fragment
202.0771,87.2522,17.0844,13.5822,1.0959,0.3336,0.7509,0.6117,16.0403,66.069,65.3478,64.2497,fragment
201.518,89.5164,17.7478,12.5633,1.3185,0.316,0.7658,0.6696,16.0181,55.8368,56.3232,55.5761,fragment
268.3458,115.7616,21.756,21.6135,1.5148,0.2516,0.7788,0.6261,18.4843,69.2669,70.5653,72.1012,fragment
148.4255,75.3632,15.2653,11.038,1.2265,0.3284,0.7919,0.675,13.747,60.2774,57.0913,56.3827,fragment
298.669,97.7688,20.0932,18.9121,1.2966,0.3926,0.8069,0.7131,19.5007,66.4818,67.3996,60.6948,fragment
308.1334,97.1812,20.4133,20.1964,1.8719,0.41,0.7995,0.689,19.8073,54.3536,55.0325,52.3649,fragment
330.3701,105.7622,21.5211,18.7052,1.533,0.3712,0.8428,0.6863,20.5095,48.8174,52.0407,48.1096,fragment
505.9435,136.1346,28.1673,26.6376,1.7161,0.3431,0.8196,0.6499,25.3808,66.8517,63.7212,67.0544,fragment
567.0717,131.8766,28.3047,23.8827,1.3607,0.4097,0.8361,0.7341,26.8704,76.2547,75.0702,77.0468,fragment
327.396,106.5786,21.1906,15.3737,1.6921,0.3622,0.8618,0.621,20.417,65.3214,60.4998,68.0143,fragment
478.094,143.3162,27.5494,22.8422,1.0095,0.2925,0.794,0.6521,24.6724,74.1219,74.6156,74.5734,fragment
329.8966,119.5706,22.9156,19.4814,1.3105,0.29,0.7542,0.5709,20.4948,61.9855,66.3515,59.5863,fragment
622.7091,159.1296,32.8135,25.0059,1.4346,0.309,0.8309,0.6376,28.1577,60.2341,57.2113,57.0621,fragment
522.7432,159.4558,30.2037,27.2782,1.1479,0.2584,0.9173,0.5988,25.7988,61.8347,61.7202,64.9179,fragment
656.1271,163.3267,33.1693,29.5917,1.3889,0.3091,0.755,0.6728,28.9034,48.1121,51.2712,49.6442,fragment
466.6077,146.1448,28.0947,20.1936,1.0916,0.2745,0.8982,0.5874,24.3742,67.8698,68.9223,67.3607,fragment
640.2906,159.7417,31.2527,27.6084,1.5283,0.3153,0.8091,0.7191,28.5525,63.848,65.419,64.557,fragment
267.785,93.1175,19.9489,14.6696,1.2748,0.3881,0.7811,0.6887,18.465,49.105,48.3643,46.1214,fragment
275.8263,110.7205,21.6742,19.3676,1.8999,0.2827,0.8443,0.6479,18.7401,62.9254,64.3196,65.411,fragment
141.2573,69.4478,15.0722,14.2367,1.8674,0.368,0.8359,0.649,13.411,50.5736,48.4211,51.8152,fragment
320.2066,109.9473,23.774,18.725,1.2474,0.3329,0.8414,0.5836,20.1916,67.4903,69.7718,69.9591,fragment
357.7446,117.2584,24.9945,23.6694,1.3302,0.327,0.8898,0.5583,21.3423,70.0052,68.6242,72.1716,fragment
184.4086,83.4686,16.0483,16.045,1.4048,0.3326,0.8093,0.7133,15.3231,53.4438,57.8829,56.1363,fragment
250.0661,95.0127,18.7389,17.1129,1.5695,0.3481,0.7782,0.5778,17.8436,53.1719,53.1745,51.9938,fragment
267.7571,105.7334,21.0163,19.1504,1.2604,0.301,0.7954,0.7216,18.464,58.5935,56.144,51.4714,fragment
782.0413,177.4183,33.2554,31.929,1.1142,0.3122,0.8972,0.5999,31.5551,76.4657,77.4024,76.8664,fragment
490.8484,139.3283,27.5247,22.6877,1.4068,0.3177,0.8577,0.726,24.9994,49.8063,53.1864,51.2873,fragment
668.129,175.4219,32.7267,22.933,1.6967,0.2728,0.8746,0.6962,29.1666,54.4863,56.1318,53.6845,fragment
153.0998,72.8868,15.2666,11.6569,1.2417,0.3621,0.8908,0.6176,13.9618,58.5128,58.4184,57.772,fragment
299.1517,96.8325,20.8748,19.5214,1.4136,0.4009,0.7711,0.7215,19.5164,47.5175,43.9926,51.6515,fragment
223.9701,84.9177,18.0464,13.4931,1.8395,0.3903,0.7966,0.6809,16.8869,62.503,63.4747,67.7303,fragment
188.5624,83.8591,17.3105,13.3333,1.5899,0.3369,0.8696,0.5502,15.4947,65.7977,63.0448,63.7928,fragment
420.3724,142.317,27.5997,27.5016,1.3801,0.2608,0.7725,0.5642,23.1351,68.5778,71.3594,66.3327,fragment
298.2876,95.4517,20.267,18.7662,1.1198,0.4114,0.9188,0.5786,19.4882,68.4479,64.2716,69.404,fragment
361.0848,116.3463,22.802,18.7777,1.6179,0.3352,0.8962,0.5673,21.4417,46.3449,51.5608,50.2578,fragment
349.0826,105.1858,21.6806,16.9779,1.0758,0.3965,0.8441,0.67,21.0824,50.0557,51.4267,50.7187,fragment
653.315,149.8768,30.9578,26.4026,1.6731,0.3655,0.8002,0.5609,28.8414,63.7158,64.1698,60.4916,fragment
171.7215,82.4958,16.2549,16.1461,1.8882,0.3171,0.9088,0.5764,14.7866,63.7351,61.3956,59.7719,fragment
537.4551,148.3499,27.6588,19.4997,1.0608,0.3069,0.7946,0.558,26.1593,64.5948,70.4253,68.1639,fragment
459.0741,131.0594,26.5714,19.2571,1.4829,0.3359,0.8547,0.6055,24.1767,64.5336,66.1448,63.6799,fragment
597.9246,148.1695,30.1612,28.6639,1.613,0.3422,0.7612,0.6897,27.5917,65.8685,66.8006,60.4921,fragment
157.4741,78.0347,15.7243,12.466,1.6675,0.325,0.8759,0.5739,14.1599,64.9282,64.877,60.5756,fragment
715.4692,172.7861,33.0603,24.7982,1.1142,0.3012,0.8828,0.6038,30.1822,69.7143,68.7944,62.8578,fragment
549.1239,140.1941,30.1422,26.314,1.0694,0.3511,0.8274,0.622,26.4418,66.3666,66.9048,65.3112,fragment
208.2043,96.6411,19.1023,14.6805,1.4579,0.2801,0.7575,0.7226,16.2817,64.6398,66.4575,65.7472,fragment
212.8134,89.8707,17.0017,16.5628,1.6666,0.3311,0.8213,0.6144,16.4609,60.916,63.3482,59.756,fragment
151.171,77.8141,15.5577,11.7275,1.7239,0.3137,0.9168,0.7408,13.8736,68.6096,71.779,70.3167,fragment
587.5308,155.7969,30.8969,23.4879,1.5074,0.3042,0.8017,0.6745,27.3508,44.9505,45.9726,45.186,fragment
510.993,156.6965,29.4523,22.7824,1.0057,0.2615,0.8197,0.5966,25.5072,66.5859,70.5311,70.8321,fragment
599.988,169.2543,33.0198,30.3176,1.0936,0.2632,0.8401,0.5976,27.6393,70.4064,66.9493,74.4459,fragment
453.2382,150.6803,28.233,24.1655,1.6308,0.2509,0.8133,0.7449,24.0225,68.5978,68.6832,68.9867,fragment
522.0936,153.6456,30.3993,30.0729,1.2131,0.2779,0.7944,0.613,25.7827,60.456,59.6553,59.9323,fragment
250.5664,94.8779,20.3612,19.0169,1.5262,0.3498,0.7764,0.5829,17.8614,50.8098,50.3335,51.3688,fragment
655.6509,161.3579,33.2927,24.5026,1.1419,0.3164,0.8666,0.7153,28.8929,54.5253,49.2729,55.6376,fragment
240.1074,98.6389,20.5559,17.5555,1.6095,0.3101,0.7942,0.7481,17.4847,51.9209,54.9074,55.2899,fragment
503.2388,143.9284,28.9616,21.4877,1.0108,0.3053,0.8912,0.7465,25.3129,66.1626,71.7063,68.0948,fragment
480.6036,134.782,26.606,25.1113,1.0196,0.3325,0.761,0.7305,24.7371,52.3121,49.795,56.0052,fragment
576.6024,141.7455,30.5871,22.9525,1.5165,0.3606,0.8897,0.629,27.0953,55.0657,60.2956,56.2123,fragment
196.6025,88.2497,18.2943,12.9962,1.5573,0.3172,0.7918,0.609,15.8216,70.7987,71.9082,67.9905,fragment
221.7307,93.2662,19.5955,16.8079,1.5677,0.3203,0.8864,0.709,16.8023,75.4548,73.7949,70.4125,fragment
400.7961,132.6691,24.8904,20.3233,1.1618,0.2861,0.8042,0.5938,22.59,63.2379,62.3001,56.5405,fragment
750.6695,176.3751,33.8306,33.5665,1.0901,0.3032,0.8617,0.6033,30.9157,77.5185,78.3262,71.4354,fragment
683.617,179.0441,33.9278,27.3608,1.7553,0.268,0.8937,0.5852,29.5027,69.6619,71.3714,70.5027,fragment
578.963,166.5772,32.2796,28.0536,1.5068,0.2622,0.782,0.7476,27.1507,76.4798,73.3646,71.8992,fragment
322.0031,113.9509,23.8087,20.4263,1.0006,0.3116,0.906,0.5903,20.2481,48.6082,53.2998,54.9145,fragment
586.3948,142.6156,30.8857,30.1187,1.6969,0.3623,0.8939,0.7221,27.3244,66.2827,61.587,66.1337,fragment
273.7743,106.0846,21.9119,16.3737,1.8538,0.3057,0.8846,0.7421,18.6703,50.287,46.4872,52.8435,fragment
571.5485,145.7551,27.8712,24.4343,1.1578,0.3381,0.8022,0.6877,26.9763,48.7159,53.5278,55.2874,fragment
683.1615,177.9086,32.974,23.4021,1.5421,0.2712,0.9066,0.7435,29.4929,71.7227,74.4799,77.449,fragment
197.6075,80.5403,16.8129,12.6158,1.7968,0.3828,0.7651,0.6918,15.862,75.5842,77.5646,74.0444,fragment
223.5582,89.8465,19.3042,14.1386,1.0012,0.348,0.8156,0.6965,16.8714,56.4526,55.7762,52.6444,fragment
306.8258,100.9922,21.5743,20.6944,1.5859,0.378,0.8668,0.5825,19.7652,55.9744,62.1508,57.7439,fragment
307.3221,94.9314,20.3743,16.5569,1.6588,0.4285,0.843,0.7296,19.7812,46.848,50.8554,51.0123,fragment
311.219,126.6464,23.6547,22.8724,1.1414,0.2438,0.7672,0.5911,19.9062,47.4698,51.5275,51.7262,fragment
493.2553,137.9987,28.5995,20.4455,1.5146,0.3255,0.8928,0.5807,25.0606,51.0131,51.5473,50.4828,fragment
411.6249,75.7291,23.2683,23.2683,1.0256,0.902,0.9575,0.7674,22.8932,48.5222,44.2389,44.9518,bead
332.0875,67.2813,20.8474,20.8474,1.0277,0.9219,0.9931,0.7932,20.5628,60.89,59.4301,61.0442,bead
217.9274,55.2776,17.1674,17.1674,1.1001,0.8962,0.9451,0.7909,16.6575,67.8986,71.3327,68.2849,bead
366.8248,74.1714,21.7504,21.7504,1.0803,0.8379,0.992,0.8027,21.6115,60.6122,57.3691,54.1906,bead
544.6037,88.7239,26.6389,26.6389,1.1201,0.8694,0.9807,0.8158,26.3327,68.9759,74.0712,69.3967,bead
604.8145,94.6674,27.7812,27.7812,1.0635,0.8481,0.9993,0.7992,27.7502,52.7637,49.8034,51.4584,bead
241.8347,60.4773,17.6104,17.6104,1.0582,0.8309,0.9638,0.7894,17.5475,45.22,46.6756,49.9981,bead
476.5174,83.433,25.0117,25.0117,1.0622,0.8602,0.9489,0.8129,24.6317,59.6548,61.105,60.9872,bead
348.8777,71.6781,21.8776,21.8776,1.0516,0.8533,0.9647,0.7945,21.0762,60.9537,61.9407,57.3687,bead
233.2572,59.949,17.8558,17.8558,1.0058,0.8156,0.9934,0.7898,17.2335,63.7105,67.7758,69.1765,bead
510.5593,90.5605,26.5584,26.5584,1.0421,0.7823,0.9695,0.8227,25.4964,50.8774,57.0428,51.1667,bead
573.2502,94.3039,27.6391,27.6391,1.0625,0.81,0.9787,0.7769,27.0164,50.7737,55.6744,55.0102,bead
471.5005,84.0171,24.6329,24.6329,1.0238,0.8394,0.9587,0.8056,24.5017,57.5433,63.2685,63.4928,bead
152.4544,49.1762,14.4053,14.4053,1.0374,0.7922,0.9674,0.8426,13.9324,71.7464,68.3011,72.6974,bead
338.5605,68.1789,21.0718,21.0718,1.0559,0.9153,0.9756,0.776,20.7622,48.8807,46.6119,44.715,bead
206.6368,55.2637,16.2892,16.2892,1.0428,0.8502,0.9632,0.7747,16.2203,66.2436,69.3849,68.5224,bead
406.9945,75.4644,23.0633,23.0633,1.003,0.8981,0.9868,0.8291,22.764,53.3564,60.5773,58.4642,bead
363.3398,73.2522,22.416,22.416,1.0458,0.8509,0.998,0.8178,21.5086,68.543,68.1644,67.9422,bead
231.0032,59.1503,17.528,17.528,1.0596,0.8297,0.9461,0.806,17.15,71.0282,72.4756,68.7232,bead
404.6818,75.633,23.0628,23.0628,1.0096,0.889,0.9993,0.8177,22.6993,51.1351,46.3323,49.9319,bead
520.3401,85.8939,26.4932,26.4932,1.135,0.8863,0.9883,0.8322,25.7394,68.7645,69.2485,69.4103,bead
443.5166,83.2613,24.098,24.098,1.0628,0.804,0.9633,0.7632,23.7635,54.4473,53.3591,50.3021,bead
430.3377,80.7043,24.1717,24.1717,1.136,0.8303,0.9803,0.8057,23.4078,71.3103,71.272,71.5589,bead
199.2526,53.5198,16.5359,16.5359,1.1213,0.8741,0.9858,0.7765,15.9278,54.1973,51.4446,49.474,bead
276.9663,62.265,18.974,18.974,1.0497,0.8977,0.9556,0.7865,18.7788,71.4524,68.407,71.5739,bead
384.3116,71.439,22.17,22.17,1.0751,0.9463,0.992,0.7944,22.1206,70.0696,68.1153,74.5167,bead
186.3943,52.662,15.9231,15.9231,1.136,0.8446,0.9675,0.7885,15.4053,63.8075,64.3136,61.9828,bead
382.5481,76.8126,22.8345,22.8345,1.041,0.8148,0.9857,0.7752,22.0698,47.2573,45.058,47.25,bead
176.6166,51.2369,15.2326,15.2326,1.1448,0.8454,0.963,0.7634,14.9958,54.6971,56.0866,53.2144,bead
265.5313,60.2037,18.511,18.511,1.094,0.9206,0.9549,0.8224,18.3871,64.0572,62.3339,64.3708,bead
362.6299,75.876,22.2414,22.2414,1.0436,0.7915,0.9837,0.8137,21.4875,52.6487,57.0499,57.9098,bead
275.3501,61.9349,18.7983,18.7983,1.1422,0.902,0.9951,0.7963,18.724,48.4801,52.4701,47.7024,bead
447.7007,78.8251,24.2771,24.2771,1.0976,0.9055,0.9422,0.8389,23.8753,54.0441,56.2756,52.3864,bead
595.9179,94.0723,27.9255,27.9255,1.1035,0.8462,0.965,0.7942,27.5453,45.9705,45.3874,42.8173,bead
429.285,77.8457,23.7327,23.7327,1.0994,0.8902,0.9562,0.8145,23.3791,61.9472,67.4952,61.6893,bead
422.6599,77.7967,24.0627,24.0627,1.0298,0.8776,0.952,0.7837,23.198,48.3731,45.8013,49.8154,bead
238.4484,60.3743,18.1349,18.1349,1.14,0.8221,0.9598,0.7602,17.4242,52.6039,54.4859,53.9127,bead
399.6263,75.4046,23.3663,23.3663,1.1085,0.8832,0.9461,0.783,22.557,58.2004,64.2605,58.7193,bead
306.2905,66.5904,20.4999,20.4999,1.0436,0.868,0.9881,0.7881,19.7479,48.0917,42.9433,48.249,bead
166.3966,49.3618,14.6424,14.6424,1.0536,0.8582,0.9663,0.816,14.5555,53.1432,46.859,52.6351,bead
205.0619,57.071,16.5602,16.5602,1.0579,0.7912,0.991,0.832,16.1584,54.3458,55.5303,50.0594,bead
409.5261,81.7182,23.7464,23.7464,1.0624,0.7706,0.9754,0.8322,22.8347,51.209,47.2319,48.8199,bead
262.0615,64.2214,19.0204,19.0204,1.146,0.7985,0.9478,0.8428,18.2666,67.0596,69.4464,66.5239,bead
231.5762,59.726,17.6626,17.6626,1.1151,0.8158,0.9746,0.8109,17.1713,69.161,66.6966,64.0443,bead
348.558,68.8398,21.3234,21.3234,1.0373,0.9243,0.9607,0.8209,21.0665,63.9304,67.5637,65.3182,bead
562.2524,93.6763,27.8291,27.8291,1.1273,0.8052,0.9911,0.8382,26.756,46.3067,49.641,47.635,bead
552.1124,89.9284,27.582,27.582,1.0605,0.8579,0.9541,0.8013,26.5136,66.7096,63.8843,67.1522,bead
299.6206,67.4507,20.259,20.259,1.0154,0.8276,0.9647,0.8101,19.5317,60.6025,61.3284,65.4348,bead
381.0802,75.5304,22.6669,22.6669,1.1007,0.8394,0.997,0.7927,22.0274,47.6397,48.9889,50.8412,bead
363.2981,72.5887,21.8421,21.8421,1.1074,0.8664,0.9468,0.8283,21.5073,62.489,63.4459,67.3541,bead
560.3993,91.7363,27.5021,27.5021,1.0069,0.8368,0.9498,0.7726,26.7118,67.7977,67.8354,62.9186,bead
373.4826,77.5383,22.5519,22.5519,1.0686,0.7806,0.9869,0.8245,21.8067,53.649,56.1027,60.1999,bead
502.6414,87.4244,25.7245,25.7245,1.0988,0.8264,0.9974,0.7721,25.2979,58.5058,58.7581,54.9037,bead
569.1277,90.1102,27.0943,27.0943,1.1382,0.8808,0.9506,0.8121,26.9191,62.0939,57.277,59.3492,bead
390.6497,74.6426,22.4076,22.4076,1.1469,0.8811,0.995,0.8286,22.3023,54.7286,60.2486,60.3038,bead
302.3991,67.2874,20.3398,20.3398,1.1123,0.8393,0.9579,0.8231,19.6221,68.8861,67.6954,69.4845,bead
384.0657,76.8263,22.8562,22.8562,1.0518,0.8177,0.9803,0.8483,22.1135,54.9181,57.384,53.7485,bead
417.9532,76.6981,23.7204,23.7204,1.0721,0.8928,0.9742,0.82,23.0685,54.907,57.5501,58.2982,bead
251.444,61.3465,18.003,18.003,1.0038,0.8396,0.9487,0.8203,17.8927,58.2811,62.6834,57.9694,bead
239.5478,61.52,18.0126,18.0126,1.0443,0.7954,0.9852,0.7629,17.4643,68.2301,62.5377,68.6621,bead
460.7545,82.581,24.3529,24.3529,1.0356,0.849,0.9871,0.8319,24.2209,60.1392,63.1541,65.25,bead
295.3515,67.0126,19.4258,19.4258,1.0828,0.8265,0.9408,0.7826,19.3921,55.3441,56.627,57.3406,bead
511.8634,86.6337,25.6198,25.6198,1.1133,0.857,0.9728,0.8143,25.5289,66.6381,68.1433,62.7824,bead
207.9913,53.5962,16.484,16.484,1.0771,0.9099,0.9626,0.7986,16.2734,50.6666,47.2544,50.8857,bead
229.4774,59.4364,17.5702,17.5702,1.0231,0.8163,0.9594,0.7646,17.0933,53.1032,50.569,50.9393,bead
330.3187,68.747,20.8677,20.8677,1.0477,0.8783,0.9532,0.7765,20.5079,65.0664,68.5621,67.8484,bead
337.2565,70.1507,21.5185,21.5185,1.0498,0.8612,0.9616,0.7797,20.7222,53.4219,51.6446,55.3737,bead
511.2005,81.8707,25.5316,25.5316,1.0669,0.9584,0.9943,0.8152,25.5124,66.0372,68.7393,66.5286,bead
266.7961,63.6519,18.4931,18.4931,1.081,0.8275,0.957,0.842,18.4308,59.1532,55.5759,58.9988,bead
297.0688,69.4194,20.2378,20.2378,1.0771,0.7746,0.9969,0.7751,19.4484,54.4256,51.0792,46.834,bead
170.1463,50.6993,14.9166,14.9166,1.0636,0.8318,0.9462,0.8084,14.7186,72.5705,74.7583,73.1502,bead
415.3396,78.1951,23.0519,23.0519,1.0689,0.8536,0.9599,0.7679,22.9962,46.0468,51.9664,50.0773,bead
358.2507,72.0892,22.0495,22.0495,1.0945,0.8663,0.966,0.7615,21.3574,58.0274,56.9197,57.7724,bead
395.3009,75.9369,22.6569,22.6569,1.0109,0.8615,0.9957,0.7696,22.4346,68.3216,64.4373,62.7185,bead
458.1209,81.6478,24.7138,24.7138,1.0711,0.8636,0.972,0.7723,24.1516,63.9496,67.2016,65.1875,bead
550.9505,92.6066,27.4419,27.4419,1.1193,0.8073,0.9838,0.7936,26.4857,76.0208,72.8533,72.8656,bead
178.7578,52.7486,15.7253,15.7253,1.142,0.8073,0.9583,0.8273,15.0865,64.3429,59.8654,60.4158,bead
400.7696,74.7718,23.043,23.043,1.1252,0.9008,0.9517,0.7763,22.5893,54.0209,54.4416,54.4347,bead
574.5513,89.8261,27.0532,27.0532,1.0436,0.8948,0.944,0.7688,27.047,63.2947,61.3875,60.1367,bead
190.5424,51.0111,15.795,15.795,1.135,0.9202,0.9591,0.8006,15.5758,64.5162,62.0309,64.2588,bead
358.113,71.9762,21.9177,21.9177,1.0007,0.8687,0.9548,0.7799,21.3533,59.7678,57.3382,60.5701,bead
193.8333,54.3909,15.8803,15.8803,1.0538,0.8234,0.9583,0.8097,15.7097,56.2916,59.7385,61.6198,bead
495.238,86.9081,26.022,26.022,1.133,0.824,0.9446,0.7668,25.1109,49.0461,52.9545,49.1466,bead
366.8792,74.2508,22.1465,22.1465,1.0827,0.8362,0.9726,0.8499,21.6131,71.9659,74.3907,71.1157,bead
226.1659,58.0359,17.1263,17.1263,1.0697,0.8438,0.9706,0.7957,16.9695,53.7473,55.0314,56.5138,bead
486.8778,82.0991,25.2916,25.2916,1.0669,0.9077,0.9507,0.8454,24.898,61.6994,64.166,62.3115,bead
321.4057,67.695,20.769,20.769,1.0094,0.8814,0.9622,0.7639,20.2293,57.2835,62.8911,58.5193,bead
317.9909,66.1726,20.5754,20.5754,1.0486,0.9126,0.9822,0.8069,20.1216,77.0549,77.0967,72.5242,bead
342.8795,72.8346,21.6209,21.6209,1.098,0.8122,0.9901,0.8065,20.8942,54.9695,59.2168,56.0899,bead
278.7762,63.0112,18.9406,18.9406,1.0906,0.8823,0.9701,0.7725,18.8401,56.7881,56.08,60.6111,bead
211.249,55.8951,16.9612,16.9612,1.0177,0.8497,0.9538,0.833,16.4003,68.2811,66.3712,66.3496,bead
210.5023,57.8646,16.9499,16.9499,1.0065,0.79,0.9744,0.7745,16.3713,46.7097,41.9869,46.2515,bead
161.4487,48.0392,14.7828,14.7828,1.0899,0.8791,0.9738,0.7617,14.3375,75.5035,75.0411,72.0148,bead
173.4736,52.5015,15.2005,15.2005,1.0256,0.7909,0.9898,0.8141,14.8618,73.376,73.5827,68.4741,bead
399.064,78.684,23.2351,23.2351,1.068,0.81,0.9754,0.7807,22.5412,54.3638,52.1487,52.8989,bead
511.2227,86.1717,26.0343,26.0343,1.0144,0.8651,0.9686,0.8153,25.5129,45.7991,51.7578,49.5135,bead
184.2815,50.6464,15.6452,15.6452,1.1241,0.9028,0.9938,0.8297,15.3178,64.2981,63.2806,62.0673,bead
161.2978,47.6532,14.6081,14.6081,1.1184,0.8926,0.9629,0.813,14.3308,71.0002,71.1613,70.6427,bead
172.64,51.0886,15.368,15.368,1.1289,0.8312,0.957,0.8389,14.8261,51.2446,49.4876,53.6486,bead
476.2734,81.0188,25.0519,25.0519,1.0982,0.9118,0.9813,0.7884,24.6254,44.114,42.4541,46.4284,bead
239.1214,58.1087,17.5509,17.5509,1.0413,0.8899,0.9808,0.8279,17.4487,55.2751,58.2396,55.8291,bead
278.7251,62.6939,19.183,19.183,1.0517,0.8911,0.9823,0.8262,18.8384,57.0396,55.4739,56.1821,bead
314.3874,65.7206,20.2523,20.2523,1.0601,0.9147,0.9603,0.8096,20.0073,53.0102,53.0881,48.7196,bead
546.8506,88.7641,27.504,27.504,1.1389,0.8722,0.9661,0.7658,26.387,47.134,46.0002,45.6619,bead
294.6334,65.0941,19.3806,19.3806,1.1067,0.8738,0.9758,0.8451,19.3685,63.192,61.7525,60.1419,bead
216.1999,57.3101,16.8239,16.8239,1.005,0.8272,0.976,0.8064,16.5914,51.4336,50.9361,49.8687,bead
217.5039,56.282,17.3496,17.3496,1.117,0.8629,0.9612,0.7956,16.6414,75.5932,75.0465,76.7999,bead
162.9934,49.0099,14.9606,14.9606,1.1373,0.8527,0.9609,0.8467,14.4059,68.105,70.7439,67.4491,bead
553.7396,88.3436,27.016,27.016,1.016,0.8916,0.9443,0.7865,26.5526,60.7902,59.6376,60.8677,bead
533.7317,87.9611,26.2656,26.2656,1.1449,0.8669,0.9738,0.8293,26.0685,67.8855,69.5157,65.4965,bead
317.6014,65.6713,20.4501,20.4501,1.0101,0.9254,0.978,0.8495,20.1093,49.9034,46.3275,47.0139,bead
565.8556,87.792,27.3762,27.3762,1.0372,0.9226,0.9456,0.8206,26.8416,72.5339,66.5735,73.4165,bead
318.261,70.8875,20.6718,20.6718,1.1421,0.7959,0.981,0.8419,20.1301,53.0643,50.6696,54.9557,bead
505.6261,85.351,26.2184,26.2184,1.0928,0.8722,0.9494,0.7696,25.3729,55.8524,53.8974,53.7983,bead
393.3604,75.4741,22.5936,22.5936,1.0723,0.8678,0.9772,0.8043,22.3795,50.1508,49.4439,49.218,bead
341.7003,71.6854,20.8713,20.8713,1.0333,0.8356,0.9746,0.7649,20.8582,55.8022,53.2346,53.7341,bead
330.6497,71.0323,21.0347,21.0347,1.1465,0.8235,0.9819,0.8014,20.5182,51.7577,46.3386,47.93,bead
364.0167,74.3359,22.1341,22.1341,1.0823,0.8278,0.9542,0.8024,21.5286,53.6957,51.7184,52.7812,bead
220.1781,55.8926,16.9475,16.9475,1.0419,0.8857,0.9508,0.7718,16.7433,71.2369,68.4583,67.4287,bead
233.0888,58.9037,17.7793,17.7793,1.0219,0.8442,0.9975,0.7735,17.2272,58.8718,53.8394,56.4233,bead
605.6362,93.155,27.9379,27.9379,1.1178,0.877,0.958,0.8106,27.769,67.1595,65.804,68.1412,bead
170.4002,49.3327,14.8405,14.8405,1.0675,0.8799,0.9601,0.7925,14.7296,64.3787,67.3506,61.9576,bead
148.8499,48.8642,14.2777,14.2777,1.0298,0.7834,0.9746,0.8184,13.7667,71.2898,76.136,72.7344,bead
413.2914,79.3988,23.4247,23.4247,1.0572,0.8238,0.9572,0.8169,22.9395,68.8478,69.0296,74.1507,bead
267.2129,62.6878,18.7234,18.7234,1.0107,0.8545,0.9497,0.7805,18.4452,69.002,68.7979,68.6068,bead
392.105,76.3565,23.025,23.025,1.0545,0.8451,0.9752,0.8469,22.3438,70.1961,68.3553,67.069,bead
447.1104,83.2284,24.1888,24.1888,1.012,0.8111,0.95,0.7693,23.8596,62.5312,69.0504,66.4084,bead
154.3396,48.8074,14.3691,14.3691,1.0394,0.8142,0.9493,0.8189,14.0182,50.5813,45.9725,45.4767,bead
246.2744,58.2038,17.9785,17.9785,1.0043,0.9135,0.9798,0.8374,17.7078,68.7571,69.9648,73.9554,bead
344.0902,71.525,21.5682,21.5682,1.1046,0.8452,0.9506,0.8138,20.9311,75.1346,75.1731,74.5981,bead
346.9763,70.0053,21.3284,21.3284,1.081,0.8897,0.9883,0.7998,21.0187,54.3413,53.4935,53.8436,bead
151.6924,47.8499,14.0013,14.0013,1.0704,0.8326,0.9405,0.843,13.8975,58.8922,55.1331,51.3896,bead
297.1624,65.3358,20.0261,20.0261,1.056,0.8748,0.9647,0.8104,19.4514,44.3746,42.5227,47.1135,bead
282.5199,63.6316,19.4561,19.4561,1.0359,0.8768,0.9859,0.8419,18.9662,60.1278,59.1443,55.9446,bead
460.4795,80.7233,24.401,24.401,1.0274,0.888,0.9574,0.8173,24.2136,71.5463,68.7815,71.5865,bead
200.1449,53.494,16.6291,16.6291,1.0279,0.8789,0.9461,0.7842,15.9635,62.7707,62.866,58.9116,bead
195.5675,53.0062,16.1096,16.1096,1.1199,0.8747,0.9999,0.8017,15.7799,56.6787,52.9893,57.0957,bead
542.0585,92.881,27.323,27.323,1.0705,0.7896,0.9515,0.8357,26.2711,49.6795,49.7676,44.1172,bead
452.3468,84.1205,24.754,24.754,1.1106,0.8033,0.942,0.8015,23.9989,60.4568,58.4579,62.1458,bead
325.4148,67.6912,20.6196,20.6196,1.0944,0.8924,0.9425,0.8444,20.3551,54.8593,52.7184,55.8001,bead
219.209,57.4198,16.7821,16.7821,1.0169,0.8355,0.978,0.7892,16.7065,48.8725,49.7424,48.4908,bead
453.6923,80.5288,25.048,25.048,1.0713,0.8792,0.9758,0.7934,24.0345,65.2201,65.7658,65.2355,bead
401.0882,78.2937,22.661,22.661,1.009,0.8222,0.9787,0.8231,22.5983,66.0857,60.7606,61.6154,bead
594.2951,94.178,27.7435,27.7435,1.0658,0.842,0.9516,0.822,27.5078,68.0311,66.2436,72.3551,bead
324.3239,68.1738,20.7942,20.7942,1.0285,0.8769,0.9512,0.7913,20.321,67.7704,64.1137,68.5619,bead
544.1076,86.351,26.8026,26.8026,1.0444,0.917,0.9558,0.793,26.3207,45.6565,50.755,48.6831,bead
199.3739,56.7596,16.5975,16.5975,1.0358,0.7777,0.9833,0.8192,15.9327,68.5921,67.3804,68.4731,bead
332.842,70.4132,20.9657,20.9657,1.0961,0.8436,0.9466,0.8071,20.5861,51.2114,57.3595,51.7162,bead
505.8282,87.2481,26.2289,26.2289,1.0857,0.835,0.9902,0.8192,25.378,48.1692,49.5731,46.0101,bead
278.3309,61.638,19.129,19.129,1.0313,0.9206,0.9695,0.8401,18.825,69.546,75.3145,69.3919,bead
371.8271,72.1761,21.8123,21.8123,1.1063,0.8969,0.9894,0.7839,21.7583,52.3973,52.6352,54.5033,bead
580.2786,87.9032,27.2244,27.2244,1.0797,0.9437,0.9514,0.8074,27.1815,64.7453,67.7578,64.1863,bead
448.9654,79.1217,24.4887,24.4887,1.0537,0.9012,0.9675,0.8199,23.909,67.2213,61.4932,61.6019,bead
286.3638,63.6566,19.6218,19.6218,1.0665,0.8881,0.9611,0.7884,19.0948,78.8847,73.5502,73.9268,bead
457.2837,83.6505,24.6986,24.6986,1.0845,0.8212,0.9528,0.8289,24.1295,66.6616,61.2851,66.9456,bead
306.9826,68.6369,20.265,20.265,1.0894,0.8189,0.9711,0.8494,19.7702,72.9034,72.8914,72.2638,bead
488.6272,88.6181,25.9801,25.9801,1.0414,0.7819,0.9732,0.8101,24.9427,69.099,62.9293,61.9935,bead
263.4076,62.5683,18.9792,18.9792,1.0349,0.8455,0.9887,0.7683,18.3134,61.6631,65.8077,64.3388,bead
449.7318,78.3717,24.1301,24.1301,1.1034,0.9201,0.9746,0.8417,23.9294,70.533,68.1743,71.6175,bead
354.2878,71.0253,22.068,22.068,1.0522,0.8826,0.989,0.7975,21.239,71.0697,71.0853,65.9408,bead
46.4363,33.3768,7.9167,7.1724,1.4267,0.5238,0.6165,0.716,7.6892,132.1513,137.7964,133.2908,other
14.677,20.44,4.3031,4.6306,1.7066,0.4415,0.6888,0.6159,4.3229,117.8181,113.6239,112.8296,other
28.6809,35.3519,7.4286,7.4395,2.0834,0.2884,0.6522,0.5539,6.043,100.6281,99.4851,102.1153,other
20.0014,27.0733,5.1766,3.4027,2.0875,0.3429,0.7294,0.8697,5.0464,101.977,111.2915,107.3202,other
23.3011,30.6406,6.0898,5.1389,2.3827,0.3119,0.8465,0.8961,5.4468,95.4067,90.6645,89.0494,other
46.0251,42.0805,8.909,11.4233,1.1573,0.3266,0.6218,0.8796,7.6551,143.503,142.5754,141.7975,other
12.9581,17.7821,4.0824,2.5237,1.2926,0.515,0.8152,0.5815,4.0619,120.1256,115.8919,119.4818,other
39.0783,43.3914,8.3795,8.936,1.9289,0.2608,0.6174,0.5681,7.0538,92.5556,100.6384,97.8988,other
14.2091,18.1881,4.3185,3.5284,2.1929,0.5398,0.864,0.8457,4.2534,108.6807,122.2541,118.7661,other
18.9291,29.9909,5.387,4.5917,2.2135,0.2645,0.8126,0.5746,4.9093,100.4886,99.806,107.2998,other
10.2111,20.4018,4.1289,3.7768,1.2198,0.3083,0.7387,0.6408,3.6057,115.35,109.1256,120.9982,other
40.4998,35.5709,7.0075,9.1961,2.1408,0.4022,0.6118,0.722,7.1809,139.8104,137.7546,149.6821,other
33.7493,37.6041,7.9416,8.656,1.8757,0.2999,0.691,0.5961,6.5552,142.2773,155.3619,154.3891,other
25.5996,26.8277,5.9757,6.1734,2.1201,0.447,0.945,0.6236,5.7092,105.9039,103.0026,96.7857,other
88.5708,43.9182,9.9741,13.3024,1.4445,0.577,0.8229,0.8794,10.6194,140.2108,143.3982,152.3909,other
56.3766,45.4265,8.3625,7.7688,1.6202,0.3433,0.9735,0.8577,8.4724,124.7042,114.1529,122.2379,other
12.3592,24.4442,4.6406,3.7751,1.7939,0.2599,0.6924,0.5929,3.9669,131.657,126.4072,131.6692,other
32.9818,34.6177,6.8596,6.1679,2.193,0.3458,0.7966,0.555,6.4803,129.2532,126.6767,138.3937,other
10.1702,19.5435,4.0901,5.6877,2.0609,0.3346,0.6265,0.8708,3.5985,143.6002,141.7042,135.6693,other
24.1755,27.0429,5.9494,3.7687,2.0295,0.4154,0.7521,0.6252,5.5481,119.0518,121.1472,118.7686,other
43.487,37.9144,7.1514,6.8745,2.1578,0.3802,0.617,0.8983,7.4411,123.9349,121.9655,127.3984,other
38.1248,37.3401,7.3462,6.119,1.5573,0.3436,0.7218,0.831,6.9672,97.0928,96.4706,99.5214,other
13.2349,19.0363,4.3273,4.1601,2.0117,0.4589,0.6453,0.8115,4.105,147.6496,143.782,134.809,other
28.5803,28.8448,6.4814,7.5839,1.2827,0.4317,0.7819,0.6,6.0324,130.5348,133.982,132.2111,other
37.9429,36.2313,8.3102,7.3991,1.7333,0.3632,0.7536,0.8164,6.9506,119.9036,126.913,117.7758,other
31.8757,34.4165,6.2836,7.0856,1.2101,0.3382,0.9475,0.5715,6.3707,129.4948,124.8153,123.0543,other
50.3197,43.7223,8.6118,6.0735,1.284,0.3308,0.849,0.6012,8.0043,100.8038,107.152,102.1615,other
13.8858,18.2885,4.0345,3.9561,1.5742,0.5217,0.6318,0.74,4.2048,123.3028,128.1449,129.3037,other
44.7867,31.3533,7.3453,8.246,1.0514,0.5725,0.9415,0.7668,7.5514,108.5623,99.9292,109.8802,other
12.2955,19.1072,4.2942,4.6758,1.9681,0.4232,0.838,0.8149,3.9567,126.8037,131.2504,133.2284,other
49.3984,44.2911,9.5889,8.6602,1.0947,0.3164,0.7709,0.7202,7.9307,111.9566,109.4241,118.3852,other
22.6632,27.8627,5.6465,6.1527,1.153,0.3668,0.8919,0.7516,5.3717,141.0657,133.0092,136.2891,other
82.4957,44.1952,9.6034,8.1935,1.7355,0.5308,0.998,0.6415,10.2487,122.5619,129.4886,128.8017,other
42.3094,34.6852,7.7911,9.0913,2.371,0.4419,0.6006,0.5096,7.3396,130.5247,122.4041,134.0864,other
69.6232,42.0485,8.7974,9.2226,1.8925,0.4948,0.6045,0.5805,9.4153,109.8646,118.0017,110.2829,other
31.2037,29.629,7.0401,6.1467,2.0142,0.4467,0.8464,0.5116,6.3032,127.531,130.0092,130.128,other
55.9378,42.7145,8.0348,7.9159,1.8781,0.3853,0.9568,0.7148,8.4393,127.8726,135.0547,129.1341,other
59.6304,39.0567,8.4555,7.2075,1.7502,0.4912,0.6833,0.7742,8.7134,139.6656,141.0815,132.5306,other
59.0065,41.6627,9.8177,10.8113,2.1794,0.4272,0.8284,0.6558,8.6677,150.6221,154.9325,153.1237,other
42.4037,34.9372,8.2316,8.2122,1.3327,0.4366,0.7808,0.8803,7.3478,113.2211,114.5999,111.5585,other
61.5298,47.7176,8.7097,5.3995,1.6757,0.3396,0.8,0.5761,8.8511,126.1858,123.1266,119.7856,other
41.7308,46.9048,8.6532,11.6854,1.9474,0.2384,0.6531,0.7898,7.2893,139.5675,143.6365,140.5751,other
14.1397,20.7748,4.0247,2.6952,1.6536,0.4117,0.6185,0.7082,4.243,130.2296,124.6855,128.9268,other
29.5533,27.3043,5.8729,4.8235,1.4468,0.4981,0.7764,0.5471,6.1342,99.9791,101.9682,97.8341,other
42.2468,34.736,7.7377,6.6141,1.1982,0.44,0.8817,0.6133,7.3342,110.1847,107.4074,116.0797,other
24.6529,26.4347,6.0324,6.8794,1.1483,0.4433,0.6215,0.6706,5.6026,115.7542,122.4284,122.3746,other
63.3989,45.6519,9.017,11.307,1.9981,0.3823,0.8683,0.7134,8.9845,119.7631,116.2761,111.6354,other
18.9382,26.2897,4.7908,4.6205,1.9583,0.3443,0.8841,0.6862,4.9105,116.4623,116.3359,126.5327,other
51.3164,36.5744,7.7017,8.7194,2.1043,0.4821,0.953,0.6813,8.0832,125.963,133.0842,131.1019,other
26.0282,35.6991,6.7675,4.7502,1.1441,0.2566,0.927,0.8187,5.7567,125.4581,130.6354,132.9231,other
34.1978,34.3906,7.1965,7.4725,2.3634,0.3634,0.7535,0.6363,6.5986,134.1708,130.6036,133.6971,other
35.6289,32.8116,6.6121,7.4723,1.1091,0.4159,0.9723,0.7297,6.7353,107.7746,109.4631,107.395,other
44.5374,32.5962,7.3305,4.8065,1.1522,0.5267,0.9256,0.8085,7.5304,145.6362,147.4823,150.1362,other
17.066,24.7248,4.5432,5.038,1.0003,0.3508,0.6587,0.5597,4.6614,145.1792,142.9188,145.926,other
20.6829,24.0241,5.174,6.8843,1.4264,0.4503,0.9773,0.6739,5.1317,134.0865,123.8734,119.7938,other
14.6639,19.2957,4.0487,3.3821,1.5169,0.4949,0.8196,0.5213,4.3209,105.2692,107.1476,99.7635,other
71.1231,41.5226,9.1675,8.3921,1.4454,0.5184,0.7531,0.6526,9.5161,134.3441,136.222,133.2201,other
17.2027,28.1821,5.1294,3.7107,2.3964,0.2722,0.868,0.5537,4.6801,134.3459,133.4493,144.7394,other
32.3106,38.6584,6.9202,7.7077,1.5822,0.2717,0.7824,0.8156,6.414,101.3274,98.4678,94.5332,other
35.8925,34.0833,7.0565,5.2827,1.8464,0.3883,0.8312,0.8387,6.7602,110.3299,114.5696,113.1153,other
34.2505,40.5294,7.277,8.4697,1.1584,0.262,0.7926,0.7762,6.6037,120.5216,129.9489,133.9855,other
79.5721,48.0338,9.902,12.9908,1.1238,0.4334,0.789,0.7967,10.0655,106.6695,92.5522,101.4419,other
48.2746,37.5614,8.7886,10.7469,1.6564,0.43,0.8051,0.6877,7.84,117.6361,112.6313,121.2643,other
47.5631,37.3499,8.7893,10.5432,2.0178,0.4285,0.8255,0.5246,7.782,145.3281,140.4628,138.5835,other
81.4064,50.4471,9.9422,6.6216,1.7078,0.402,0.9406,0.6111,10.1809,104.8955,107.2704,116.5006,other
9.0892,18.1566,4.0852,2.9451,1.6253,0.3465,0.9231,0.6045,3.4019,130.7598,127.3061,132.3373,other
53.6007,39.6066,9.1721,12.3562,1.2158,0.4294,0.7984,0.8974,8.2611,107.3047,98.786,102.0218,other
35.7838,40.9123,7.8254,8.7161,2.0577,0.2687,0.6464,0.567,6.7499,112.3591,110.801,117.9176,other
51.6916,40.2886,8.5146,8.3415,1.2032,0.4002,0.9481,0.5047,8.1127,140.644,132.9896,136.6643,other
73.8082,41.5975,9.7706,10.8447,2.3387,0.536,0.7727,0.8672,9.6941,151.2079,142.8336,141.7476,other
16.046,21.7899,4.5897,5.5043,2.028,0.4247,0.8355,0.578,4.52,134.9218,140.5678,132.402,other
40.8257,39.083,7.2857,4.9408,1.1455,0.3359,0.7784,0.5878,7.2098,92.1906,90.7472,88.0371,other
18.1361,23.301,4.5516,6.192,1.8933,0.4198,0.8832,0.548,4.8054,146.6533,135.0288,143.4526,other
64.1787,52.2045,9.3994,10.8706,1.3547,0.2959,0.7868,0.8745,9.0396,146.5006,151.0432,140.7022,other
37.0888,34.6326,6.5619,4.7874,1.1036,0.3886,0.9108,0.6531,6.8719,110.1097,105.7482,120.0769,other
21.1157,27.3164,5.588,6.0811,1.2498,0.3556,0.7968,0.5575,5.1851,150.3716,141.5664,148.3657,other
70.5878,41.168,9.4757,10.0165,1.3508,0.5234,0.7784,0.8586,9.4803,93.3922,101.2559,105.9369,other
38.7009,41.3766,7.9876,8.4646,1.7215,0.2841,0.976,0.6963,7.0196,143.7309,150.2588,149.249,other
54.3512,36.632,8.7123,10.9285,1.6749,0.509,0.8269,0.874,8.3188,145.2212,150.3879,145.8884,other
53.6662,33.7225,7.7936,10.6675,1.1126,0.593,0.7839,0.8066,8.2662,126.7691,119.2303,117.0337,other
22.9136,32.6235,6.305,6.9638,1.503,0.2705,0.6339,0.7531,5.4013,148.0705,138.5444,139.3948,other
51.01,40.6349,8.3184,8.5883,1.4308,0.3882,0.8136,0.8337,8.059,97.6535,106.3979,91.0573,other
15.3271,18.4725,4.3363,5.4017,1.9342,0.5644,0.7833,0.7712,4.4176,107.4884,95.8835,102.7698,other
46.9357,41.9982,9.5489,9.329,2.2852,0.3344,0.6183,0.7805,7.7305,125.0493,125.7167,123.7601,other
27.919,28.2772,5.844,6.2697,2.1449,0.4388,0.6425,0.6989,5.9622,109.1747,99.9171,109.2592,other
35.4563,36.5572,6.5573,5.6352,2.3662,0.3334,0.8304,0.5549,6.719,137.6947,137.0015,136.5395,other
36.2326,33.0235,7.5585,7.0455,1.9748,0.4175,0.8214,0.6755,6.7921,109.5788,95.4192,96.3675,other
61.4775,48.0438,9.0842,8.9895,1.0089,0.3347,0.6718,0.5357,8.8473,98.2878,102.0503,94.5192,other
63.2857,45.7197,8.8445,9.8338,1.7323,0.3805,0.7648,0.8752,8.9765,108.1074,98.9408,101.2188,other
43.1175,35.5431,6.9993,6.1474,1.0064,0.4289,0.6943,0.547,7.4094,138.5253,131.573,135.8325,other
52.5388,38.6103,8.5668,9.6587,1.387,0.4429,0.6775,0.8186,8.1789,140.3321,144.8654,136.9588,other
19.649,21.5487,5.0579,4.1882,1.6085,0.5318,0.7337,0.8221,5.0018,134.6019,123.1604,134.314,other
52.0087,50.6076,9.5492,6.6162,2.2531,0.2552,0.8886,0.7371,8.1375,118.8939,116.8584,124.508,other
28.772,27.7258,5.9541,7.0866,2.2178,0.4703,0.7502,0.5883,6.0526,99.9294,100.1441,106.6413,other
20.6581,23.5544,4.8696,3.4532,2.0077,0.4679,0.8528,0.8902,5.1286,111.5385,110.3386,119.3785,other
10.5326,23.4992,4.3579,3.2116,1.481,0.2397,0.9546,0.7415,3.662,124.8546,122.4298,122.0063,other
22.3759,27.0909,5.0196,6.4531,1.6849,0.3831,0.9983,0.7366,5.3376,105.1479,96.2228,103.4364,other
42.4135,39.2085,8.4171,11.0555,1.8285,0.3467,0.6596,0.7295,7.3486,118.9519,134.5536,119.5116,other
37.5992,28.9816,6.8239,6.7107,2.1172,0.5625,0.9285,0.681,6.919,120.0599,125.1475,116.4105,other
61.9538,36.8,8.3907,9.3818,1.127,0.5749,0.7919,0.6219,8.8816,114.5213,116.9952,115.2251,other
11.7247,21.8958,4.1465,3.8325,2.1058,0.3073,0.7482,0.6857,3.8637,145.2154,148.8471,136.2121,other
55.4783,39.7433,9.3606,7.6367,2.3245,0.4414,0.817,0.8178,8.4046,123.0277,111.72,124.5182,other
36.9548,46.4774,8.4146,11.0263,1.1554,0.215,0.7462,0.7477,6.8595,129.9551,126.9102,133.0466,other
15.1871,19.7502,4.402,3.4816,1.159,0.4893,0.7914,0.8757,4.3974,150.2507,156.3145,144.3255,other
42.3407,39.7569,8.4701,9.6913,1.388,0.3366,0.6253,0.6381,7.3423,109.4843,110.1316,103.668,other
52.6122,40.8488,8.259,9.0581,2.1199,0.3962,0.9781,0.8235,8.1846,118.1286,104.1246,117.345,other
24.2226,36.8206,6.7472,9.212,1.1531,0.2245,0.7104,0.7788,5.5535,110.8018,116.8604,111.1915,other
37.2054,43.1458,7.7637,5.4782,1.4854,0.2512,0.7775,0.7579,6.8827,121.4432,117.7861,130.7276,other
25.5738,27.5229,5.394,4.7156,1.9045,0.4242,0.7305,0.7373,5.7063,120.7929,123.1136,116.7671,other
18.753,30.8995,5.8245,4.7062,1.6779,0.2468,0.9883,0.8079,4.8864,97.2026,102.0955,103.7404,other
21.7255,25.9732,4.9982,6.8903,2.1751,0.4047,0.8771,0.7665,5.2594,105.1443,106.495,103.347,other
19.1644,26.9298,5.8998,6.1947,1.0486,0.3321,0.7268,0.6375,4.9397,103.114,105.7852,99.7489,other
29.2997,27.6897,5.8094,4.1613,1.6413,0.4802,0.7281,0.5017,6.1078,126.2839,130.0775,119.7684,other
46.7369,37.9179,8.2327,11.3986,1.8032,0.4085,0.6588,0.7261,7.7141,153.4306,145.9942,149.9469,other
60.5399,36.875,8.3898,7.1017,1.5623,0.5595,0.9364,0.6784,8.7796,118.7825,118.1833,127.5638,other
33.1284,41.3277,7.5006,4.6357,1.7538,0.2437,0.7782,0.7686,6.4946,103.684,110.4746,105.3972,other
25.8875,32.6086,5.9065,5.25,1.2071,0.3059,0.9415,0.6479,5.7412,142.9299,141.519,142.5863,other
82.6957,42.6434,9.8651,9.4249,2.3896,0.5715,0.9215,0.6155,10.2612,139.9227,142.5577,133.8132,other
48.8892,47.0997,9.3786,7.1861,1.6645,0.2769,0.947,0.8947,7.8897,92.7921,107.0958,103.8321,other
13.6256,24.829,4.5307,4.733,1.9943,0.2777,0.9021,0.5548,4.1652,112.7744,115.9066,118.6601,other
15.0249,22.834,4.2534,4.4551,1.6488,0.3621,0.6107,0.501,4.3738,107.9181,119.0117,117.0632,other
35.5789,37.2505,6.8352,6.7909,1.963,0.3222,0.6979,0.5477,6.7306,114.3791,125.8529,111.0112,other
52.587,42.2975,8.4734,9.341,1.6665,0.3694,0.8777,0.5478,8.1827,142.9594,143.9632,148.2835,other
12.9654,23.1313,4.9771,3.5258,1.2286,0.3045,0.7091,0.6678,4.063,149.9011,141.0032,139.9451,other
45.0547,35.3099,7.1777,5.3588,1.1323,0.4541,0.9011,0.7175,7.574,143.1134,142.3835,140.1138,other
26.1011,29.9826,5.8064,6.1783,2.1526,0.3649,0.6052,0.7073,5.7648,98.2391,100.0292,97.7158,other
48.4604,41.7998,9.4647,7.1055,2.2559,0.3485,0.8454,0.8326,7.855,107.5717,107.6748,107.979,other
39.7704,41.3632,8.5378,10.7156,2.2928,0.2921,0.7918,0.6246,7.116,97.0031,104.2746,105.4376,other
46.3494,35.4934,7.5859,4.7261,2.1404,0.4623,0.6889,0.8427,7.6821,128.322,129.6694,128.0497,other
12.1493,24.7057,4.7813,3.1661,2.0846,0.2501,0.9029,0.517,3.9331,131.8467,142.8105,138.3373,other
10.388,19.8363,4.3556,4.9395,2.0564,0.3318,0.9129,0.868,3.6368,93.93,105.0624,93.6001,other
20.0164,32.8932,6.1092,8.3026,1.487,0.2325,0.6642,0.7003,5.0483,150.4583,142.6706,147.9252,other
15.4372,19.3874,4.5946,3.4609,1.3946,0.5161,0.9607,0.7149,4.4334,114.5122,100.5139,102.3591,other
38.6485,33.11,7.0252,6.6861,2.3408,0.443,0.6723,0.6419,7.0149,125.4898,122.8443,123.0568,other
19.5529,20.4531,4.6771,3.3148,2.0672,0.5874,0.8819,0.7229,4.9895,93.7171,98.3172,94.919,other
24.0617,26.4376,5.7017,5.446,1.7755,0.4326,0.7162,0.8421,5.535,143.7104,141.8036,154.1468,other
36.2508,30.5075,6.8541,6.8083,1.1472,0.4895,0.7752,0.7634,6.7938,143.2899,144.2237,148.3398,other
30.7663,41.4537,7.5433,4.9165,2.3653,0.225,0.7355,0.738,6.2588,156.6325,142.7461,154.1917,other
42.6411,43.417,8.3512,6.8344,2.1053,0.2843,0.8575,0.6601,7.3683,126.6187,128.6562,125.4766,other
29.177,36.4368,6.9072,5.5296,1.6962,0.2762,0.8513,0.5538,6.095,94.5357,93.7877,94.0337,other
57.8655,38.2106,8.0686,5.8271,1.8708,0.498,0.6385,0.5306,8.5835,136.382,136.6374,137.0399,other
20.7735,25.4657,5.2116,4.5596,2.2035,0.4025,0.8186,0.881,5.1429,101.8972,108.2781,116.0306,other
24.853,29.7877,6.3018,3.9467,1.7793,0.352,0.9441,0.6212,5.6253,123.578,120.1448,114.4329,other
47.812,36.1064,8.2943,9.3565,1.9595,0.4609,0.8289,0.6904,7.8023,137.796,132.2333,130.3885,other
43.1338,35.2847,6.9681,9.6316,1.4487,0.4354,0.6113,0.518,7.4108,119.793,111.984,118.2749,other
14.8329,19.466,4.1614,3.6459,1.5003,0.4919,0.7405,0.7645,4.3458,96.3161,102.7236,101.8348,other
47.1137,43.7811,9.4623,5.8266,1.4566,0.3089,0.7844,0.8453,7.7451,114.6565,119.9902,109.8336,other
49.1426,45.6213,8.1758,7.4583,1.8016,0.2967,0.9233,0.54,7.9101,118.5773,113.151,115.8199,other
46.9093,43.469,8.5894,8.1496,1.6957,0.312,0.9389,0.8149,7.7283,120.4295,115.5567,111.5811,other
16.4988,20.4097,4.2852,5.1178,1.1287,0.4977,0.9377,0.5379,4.5833,104.8131,100.5,112.2427,other
27.4107,36.4089,6.8516,5.7655,2.1258,0.2598,0.7732,0.716,5.9077,126.0358,129.2713,132.8339,other
36.3627,29.9203,6.7194,7.8124,2.2078,0.5104,0.8307,0.5852,6.8043,103.4171,99.8985,95.4999,other
66.0331,48.6941,9.623,9.1128,1.7926,0.35,0.8507,0.7089,9.1693,135.1299,131.6655,131.7091,other
40.8045,39.0143,8.1118,10.2548,1.0902,0.3369,0.6814,0.665,7.2079,117.7053,114.8626,108.6291,other
38.3316,33.1605,7.6074,6.0591,2.1581,0.4381,0.7857,0.7239,6.9861,104.5335,107.9061,98.1474,other
13.6222,22.6087,4.9562,5.5853,1.2464,0.3349,0.941,0.8855,4.1647,138.9681,131.5131,144.9479,other
15.0218,24.3825,4.5036,4.1685,1.5088,0.3175,0.863,0.5361,4.3734,151.6222,148.1194,138.7806,other
17.3236,25.7223,4.6716,5.9011,2.3295,0.329,0.9726,0.6007,4.6965,129.8607,119.5169,117.6641,other
49.3671,44.3602,8.8401,10.5967,1.3303,0.3153,0.7691,0.5577,7.9282,111.2498,123.9661,115.4789,other
22.4673,27.002,5.5258,7.5094,1.4431,0.3872,0.7695,0.7731,5.3485,123.0218,121.6797,122.6003,other
